<?xml version="1.0" encoding="UTF-8"?>
<configuration>
    <!-- Console Appender -->
    <appender name="CONSOLE" class="ch.qos.logback.core.ConsoleAppender">
        <encoder>
            <pattern>%d{yyyy-MM-dd HH:mm:ss.SSS} [%thread] %-5level %logger{36} - %msg%n</pattern>
        </encoder>
    </appender>

    <!-- File Appender with Rolling Policy -->
    <appender name="FILE" class="ch.qos.logback.core.rolling.RollingFileAppender">
        <file>logs/app.log</file>
        <rollingPolicy class="ch.qos.logback.core.rolling.TimeBasedRollingPolicy">
            <fileNamePattern>logs/app.%d{yyyy-MM-dd}.log</fileNamePattern>
            <maxHistory>30</maxHistory>
            <totalSizeCap>3GB</totalSizeCap>
        </rollingPolicy>
        <encoder>
            <pattern>%d{yyyy-MM-dd HH:mm:ss.SSS} [%thread] %-5level %logger{36} - %msg%n</pattern>
        </encoder>
    </appender>

    <!-- Async Appender for better performance -->
    <appender name="ASYNC" class="ch.qos.logback.classic.AsyncAppender">
        <appender-ref ref="FILE" />
        <queueSize>500</queueSize>
        <discardingThreshold>0</discardingThreshold>
    </appender>

    <!-- Root Logger Configuration -->
    <root level="INFO">
        <appender-ref ref="CONSOLE" />
        <appender-ref ref="ASYNC" />
    </root>

    <!-- Specific Logger for Debugging -->
    <logger name="com.example.service" level="DEBUG" additivity="false">
        <appender-ref ref="CONSOLE" />
        <appender-ref ref="ASYNC" />
    </logger>
</configuration>